<?xml version="1.0" encoding="UTF-8"?>
<!DOCTYPE suite SYSTEM "https://testng.org/testng-1.0.dtd">
<!--  <suite name="Suite">-->

<suite name="LamdatestProject1" parallel="tests" thread-count="3">
 
  <test name="Chrome Test">
        <parameter name="browser" value="chrome" />
        <parameter name="version" value="90.0" />
        <parameter name="platform" value="WIN10" />
        
        
    <!--<test thread-count="5" name="Test">-->
    
  <classes>
  <class name="Test.MessageVerify"/>
  <class name="Test.Slider"/>
  <class name="Test.Form"/>
  </classes>
  
  
  </test> <!-- Test -->
  
   <test name="Firefox Test">
        <parameter name="browser" value="firefox" />
        <parameter name="version" value="100.0" />
        <parameter name="platform" value="WIN8" />
         <classes>
  <class name="Test.MessageVerify"/>
  <class name="Test.Slider"/>
  <class name="Test.Form"/>
  </classes>
       
    </test>
</suite> <!-- Suite -->
